id_visitor,first_name,last_name,gender,birthday_date,nationality,ETAT
v1,Robert,Gallacher,Male,23/11/1985,Honduran,majeur
v2,Moselle,Moulsdale,Female,20/03/1957,Native Hawaiian and Other Pacific Islander (NHPI),majeur
v3,Sandy,Inett,Male,15/05/2003,Latin American Indian,mineur
v4,Dannie,Gallacher,Male,26/07/1953,Yakama,majeur
v5,Bobine,Cinelli,Female,24/01/1955,Laotian,majeur
v6,Morton,Stiell,Male,22/09/1960,Tlingit-Haida,majeur
v7,Caril,Krug,Female,14/01/1974,Chilean,majeur
v8,Mignonne,Eardley,Female,03/04/1960,Panamanian,majeur
v9,Darcy,Inett,Male,09/01/1962,Navajo,majeur
v10,Carola,Moulsdale,Female,12/03/2003,Laotian,mineur
v11,Filia,Mealham,Female,02/08/1953,Melanesian,majeur
v12,Conchita,Mealham,Female,06/12/1962,Navajo,majeur
v13,Ruthie,Krug,Female,30/01/1951,Vietnamese,majeur
v14,Renato,Caroline,Male,07/04/2012,Melanesian,mineur
v15,Phillie,Krug,Female,13/06/2005,Fijian,mineur
v16,Pansy,Cinelli,Female,07/07/2008,South American,mineur
v17,Clarabelle,Cinelli,Female,16/10/1999,Laotian,majeur
v18,Alene,Boshier,Female,25/03/1993,Hmong,majeur
v19,Rennie,Sharma,Female,28/04/1970,Ute,majeur
v20,Averil,Stiell,Male,13/01/1971,Micronesian,majeur
v21,Uta,Inett,Female,20/07/1992,Native Hawaiian,majeur
v22,Lilian,Krug,Female,06/10/2001,Venezuelan,majeur
v23,Didi,Inett,Female,20/11/1988,Nicaraguan,majeur
v24,Nanci,Krug,Female,24/08/1957,Peruvian,majeur
v25,Gae,Habgood,Female,07/03/1971,Tohono O'Odham,majeur
v26,Arlan,Caroline,Male,17/09/1969,Pima,majeur
v27,De witt,Cinelli,Male,17/03/1957,Vietnamese,majeur
v28,Ann,Petrusch,Female,28/09/1957,Delaware,majeur
v29,Trina,Inett,Female,05/02/1995,Colombian,majeur
v30,Moyra,Kenion,Female,07/06/1962,Menominee,majeur
v31,Gothart,Moulsdale,Male,29/04/1995,Peruvian,majeur
v32,Frederique,Moulsdale,Female,11/01/2002,Venezuelan,majeur
v33,Dominic,Petrusch,Male,17/10/2003,Shoshone,mineur
v34,Amity,Brugden,Female,08/02/1954,Pima,majeur
v35,Scot,Mealham,Male,29/08/1995,Melanesian,majeur
v36,Eve,Fearfull,Female,19/01/2013,Iroquois,mineur
v37,Wilden,Petrusch,Male,09/06/2006,Cambodian,mineur
v38,Phillis,Krug,Female,18/06/1981,Cuban,majeur
v39,Fifi,Machon,Female,12/06/1956,Filipino,majeur
v40,Julie,Heinreich,Male,19/06/2004,Costa Rican,mineur
v41,Lea,Fearfull,Female,11/08/1962,Fijian,majeur
v42,Swen,Habgood,Male,06/05/1968,Argentinian,majeur
v43,Jesse,Machon,Female,09/02/1997,Pueblo,majeur
v44,Buck,Krol,Male,18/06/1987,Creek,majeur
v45,Marlyn,Krug,Female,04/09/1991,Cheyenne,majeur
v46,Francois,Elnor,Male,12/01/2005,Yaqui,mineur
v47,Wes,Krug,Male,07/08/1997,White,majeur
v48,Lu,Moulsdale,Female,30/06/2010,Creek,mineur
v49,Jasmine,Bitcheno,Female,11/08/1961,Melanesian,majeur
v50,Freida,Bachelar,Female,31/08/2015,American Indian,mineur
v51,Elianore,Machon,Female,19/12/2014,Samoan,mineur
v52,Ellis,Mealham,Male,30/01/1987,Osage,majeur
v53,Ernie,Matias,Male,21/08/1954,Cherokee,majeur
v54,Justinian,Moulsdale,Male,29/01/2001,Nicaraguan,majeur
v55,Benson,Tipler,Male,20/08/1963,Black or African American,majeur
v56,Horatio,Sharma,Male,06/04/1965,Asian,majeur
v57,Ree,Cinelli,Female,01/02/1975,Chippewa,majeur
v58,Marchelle,Eardley,Female,02/01/1958,Samoan,majeur
v59,Pia,Matias,Female,02/07/1998,Yakama,majeur
v60,Rose,Cinelli,Female,02/06/1955,Indonesian,majeur
v61,Jan,Gallacher,Male,08/08/2001,Filipino,majeur
v62,Kamilah,Ambrozik,Female,22/10/1975,Aleut,majeur
v63,Burch,De'Ath,Male,10/05/1989,Korean,majeur
v64,Modestia,Krug,Female,26/03/1957,Yakama,majeur
v65,Jarid,Stiell,Male,27/01/1976,Black or African American,majeur
v66,Marve,Perkis,Male,27/04/2004,Paraguayan,mineur
v67,Moyna,Gallacher,Female,01/09/1998,Japanese,majeur
v68,Iggy,Inett,Male,17/12/1964,Paiute,majeur
v69,Jamil,Goodie,Male,27/05/1999,Ute,majeur
v70,Jenni,Skocroft,Female,27/08/1960,Samoan,majeur
v71,Rudolf,Elnor,Male,01/03/2010,Nicaraguan,mineur
v72,Isak,Moulsdale,Male,14/11/1983,Cambodian,majeur
v73,Kirby,Eardley,Female,04/06/1964,Dominican (Dominican Republic),majeur
v74,Arlena,Branchett,Female,24/01/1971,Korean,majeur
v75,Paul,Gallacher,Male,11/10/1995,Hmong,majeur
v76,Orren,Dedney,Male,18/06/2015,Samoan,mineur
v77,Candace,Abade,Female,28/04/1955,American Indian,majeur
v78,Kalina,Fearfull,Female,23/01/1967,Yakama,majeur
v79,Sadie,Inett,Female,12/07/2001,Menominee,majeur
v80,Clem,Boshier,Female,20/02/1955,Guatemalan,majeur
v81,Shannan,Kenion,Male,20/03/2001,Tohono O'Odham,majeur
v82,Esdras,Brugden,Male,09/05/1985,Pima,majeur
v83,Vita,Dedney,Female,01/11/1982,Spaniard,majeur
v84,Carling,Allport,Male,05/08/1961,Chippewa,majeur
v85,Peta,Allport,Female,21/12/1978,Chippewa,majeur
v86,Ashton,Goodie,Male,09/10/2007,Ecuadorian,mineur
v87,Louis,Mealham,Male,22/06/1989,Mexican,majeur
v88,Aristotle,Gallacher,Male,29/08/2000,Sioux,majeur
v89,Lorens,Machon,Male,10/12/1966,Cherokee,majeur
v90,Welbie,Krug,Male,16/04/2004,Yuman,mineur
v91,Brandais,Skitral,Female,16/12/1954,Salvadoran,majeur
v92,Corbett,Cinelli,Male,21/10/1975,Yakama,majeur
v93,Ozzy,Habgood,Male,27/10/1989,Pakistani,majeur
v94,Rowen,Mealham,Male,07/11/1956,Chamorro,majeur
v95,Jasmin,Sanbrooke,Female,30/11/2010,Chinese,mineur
v96,Jerrilee,Goodie,Female,09/04/1975,Bangladeshi,majeur
v97,Renell,Fearfull,Female,16/07/2011,Cherokee,mineur
v98,Catarina,Dormand,Female,30/09/1965,Yuman,majeur
v99,Cordie,Moulsdale,Male,15/01/1968,Spaniard,majeur
v100,Sharl,Krug,Female,29/03/2003,Argentinian,mineur
v101,Fairfax,Ambrozik,Male,05/01/1983,Aleut,majeur
v102,Ranee,Dormand,Female,13/12/1981,Polynesian,majeur
v103,Ivie,Sharma,Female,30/10/1977,Fijian,majeur
v104,Bar,Allport,Male,26/12/1989,Chippewa,majeur
v105,Petrina,Dormand,Female,15/05/1993,Guatemalan,majeur
v106,Gipsy,Sanbrooke,Female,11/09/2012,Lumbee,mineur
v107,Fernando,Cinelli,Male,18/07/1966,Tohono O'Odham,majeur
v108,Agathe,Adrian,Female,26/03/1991,Puget Sound Salish,majeur
v109,Junia,Sanbrooke,Female,29/11/1963,Houma,majeur
v110,Murray,Kenion,Male,04/08/2010,Iroquois,mineur
v111,Thaine,Boshier,Male,10/01/1966,Cuban,majeur
v112,Kimbra,Krug,Female,10/10/1953,Spaniard,majeur
v113,Grantham,Fearfull,Male,03/03/1971,Crow,majeur
v114,Mill,Moulsdale,Male,22/04/1959,Comanche,majeur
v115,Scottie,Matias,Male,07/09/1969,Puget Sound Salish,majeur
v116,Ignacius,Moulsdale,Male,15/06/1965,Kiowa,majeur
v117,Sharity,Kenion,Female,05/05/1967,Navajo,majeur
v118,Blaire,Kenion,Female,08/04/1958,Potawatomi,majeur
v119,Pammy,Petrusch,Female,22/04/1988,Houma,majeur
v120,Ruben,Krug,Male,26/06/1975,Malaysian,majeur
v121,Iggie,Elnor,Male,07/10/1983,Lumbee,majeur
v122,Krysta,Revans,Female,14/11/2015,Dominican (Dominican Republic),mineur
v123,Allianora,Skocroft,Female,30/08/1999,Seminole,majeur
v124,Shepperd,Bitcheno,Male,15/11/1956,Argentinian,majeur
v125,Ethelin,Skocroft,Female,25/08/2004,Osage,mineur
v126,Chet,Machon,Male,03/11/1983,Menominee,majeur
v127,Samuele,Dormand,Male,14/05/1958,Peruvian,majeur
v128,Marcille,Heinreich,Female,15/12/1976,Indonesian,majeur
v129,Shandee,Inett,Female,01/01/1984,Tongan,majeur
v130,Paten,Eardley,Male,05/12/1954,Japanese,majeur
v131,Kimberlyn,Eefting,Female,25/05/1962,Comanche,majeur
v132,Karol,Sharma,Female,12/01/1975,Asian Indian,majeur
v133,Ferdinanda,Moulsdale,Female,15/06/2002,Pakistani,majeur
v134,Madge,Machon,Female,20/03/1952,Alaska Native,majeur
v135,Annadiane,Bachelar,Female,25/06/2006,Cuban,mineur
v136,Valerie,Moulsdale,Female,26/02/2000,Thai,majeur
v137,Si,Moulsdale,Male,02/04/1953,Tongan,majeur
v138,Blisse,Matias,Female,15/09/1960,Colville,majeur
v139,Arte,Adrian,Male,28/09/2003,Navajo,mineur
v140,Adriano,Brugden,Male,08/04/2014,Salvadoran,mineur
v141,Doretta,Sanbrooke,Female,26/12/1964,Mexican,majeur
v142,Wynnie,Sharma,Female,21/02/1993,Pima,majeur
v143,Cathe,Brugden,Female,29/11/1970,Puerto Rican,majeur
v144,Yves,Vanni,Male,05/06/1969,Ottawa,majeur
v145,Davon,Sharma,Male,17/09/1968,Bangladeshi,majeur
v146,Percival,Habgood,Male,12/03/1957,Alaskan Athabascan,majeur
v147,Andie,Machon,Male,02/04/1997,Menominee,majeur
v148,Izaak,Krug,Male,11/09/1957,Panamanian,majeur
v149,Gabbi,Brugden,Female,29/09/1981,Asian Indian,majeur
v150,Niki,Winchcomb,Male,30/10/1956,Black or African American,majeur
v151,Erika,Skocroft,Female,07/08/1996,Alaskan Athabascan,majeur
v152,Brenn,Moulsdale,Female,26/09/2003,Chilean,mineur
v153,Kelcy,Habgood,Female,07/10/1955,Korean,majeur
v154,Arda,Heinreich,Female,28/03/1992,Salvadoran,majeur
v155,Bessy,Petrusch,Female,09/01/1981,Creek,majeur
v156,Kevina,Heinreich,Female,30/01/1995,Native Hawaiian,majeur
v157,Berne,Gallacher,Male,11/09/1959,Salvadoran,majeur
v158,Aurthur,Sharma,Male,25/04/1962,Chilean,majeur
v159,Corenda,Matias,Female,05/01/1971,Tohono O'Odham,majeur
v160,Carleton,Inett,Male,03/10/1958,Aleut,majeur
v161,Roosevelt,McTrustam,Male,17/04/1964,Honduran,majeur
v162,Mallorie,Heinreich,Female,23/06/1974,Cheyenne,majeur
v163,Rachelle,Petherick,Female,06/10/1954,Pima,majeur
v164,Idelle,Mealham,Female,27/07/1985,Indonesian,majeur
v165,Eleni,Kenion,Female,21/02/2007,Korean,mineur
v166,Edgardo,Elnor,Male,04/04/1960,Mexican,majeur
v167,Garv,Cinelli,Male,08/10/1990,Laotian,majeur
v168,Lorin,Sanbrooke,Male,20/10/1974,Cuban,majeur
v169,Marietta,Yeatman,Female,07/02/1978,Malaysian,majeur
v170,Maure,Sharma,Female,20/07/1960,Seminole,majeur
v171,Lemar,Sanbrooke,Male,13/04/2010,Guatemalan,mineur
v172,Turner,Dormand,Male,13/08/1990,Nicaraguan,majeur
v173,Linc,Mealham,Male,16/07/1988,Pueblo,majeur
v174,Torrence,Petrusch,Male,16/03/1977,Seminole,majeur
v175,Tirrell,Bachelar,Male,27/12/1998,Tohono O'Odham,majeur
v176,Ladonna,Ambrozik,Female,21/12/1957,Aleut,majeur
v177,Alidia,Elnor,Female,01/07/2015,Fijian,mineur
v178,Twyla,Inett,Female,05/05/1976,Latin American Indian,majeur
v179,Charlie,Machon,Male,01/12/1962,Cherokee,majeur
v180,Jarrid,Habgood,Male,05/10/1952,Hmong,majeur
v181,Darnell,Stiell,Male,29/01/1996,Native Hawaiian and Other Pacific Islander (NHPI),majeur
v182,Judye,Vanni,Female,04/02/2005,Chippewa,mineur
v183,Stesha,Habgood,Female,03/03/2004,Cherokee,mineur
v184,Robin,Krug,Female,10/08/1996,Venezuelan,majeur
v185,Camille,Kenion,Female,21/06/2012,Uruguayan,mineur
v186,Symon,Dedney,Male,23/02/1959,Honduran,majeur
v187,Lisa,Tollmache,Female,30/01/1968,Native Hawaiian and Other Pacific Islander (NHPI),majeur
v188,Eran,Tollmache,Female,08/01/2003,Comanche,mineur
v189,Zorana,Gallacher,Female,18/05/1998,Central American,majeur
v190,Melanie,Machon,Female,28/03/1981,Latin American Indian,majeur
v191,Barny,Krug,Male,01/03/2006,Pakistani,mineur
v192,Ransell,Mottershaw,Male,21/12/2001,Cambodian,majeur
v193,Maurie,Krug,Male,02/01/1966,Tongan,majeur
v194,Wenda,Petrusch,Female,23/08/1990,Venezuelan,majeur
v195,Dare,Cinelli,Male,18/03/1990,Indonesian,majeur
v196,Adina,Elnor,Female,30/12/1967,Chinese,majeur
v197,Chiquita,Tollmache,Female,11/06/2011,Navajo,mineur
v198,Rosana,Stiell,Female,07/12/1976,Costa Rican,majeur
v199,Ramona,Bitcheno,Female,01/06/1960,Melanesian,majeur
v200,Kristos,Petrusch,Male,16/03/1962,Pueblo,majeur
v201,Leif,Krause,Male,26/06/1963,Indonesian,majeur
v202,Maynard,Krug,Male,03/01/1997,Native Hawaiian and Other Pacific Islander (NHPI),majeur
v203,Weider,Brugden,Male,29/12/2014,Pima,mineur
v204,Hillary,Sharma,Female,11/10/1980,Thai,majeur
v205,Micaela,Revans,Female,10/12/1985,Delaware,majeur
v206,Letizia,Brugden,Female,18/04/1954,Ecuadorian,majeur
v207,Camel,Fearfull,Female,28/12/1953,Ecuadorian,majeur
v208,Griselda,Mealham,Female,19/12/1970,American Indian and Alaska Native (AIAN),majeur
v209,Sollie,Krug,Male,17/09/1990,Alaska Native,majeur
v210,Drusi,Krug,Female,16/02/1953,Choctaw,majeur
v211,Mayne,Dedney,Male,18/02/1951,Spaniard,majeur
v212,Shena,Cinelli,Female,28/03/1991,Ottawa,majeur
v213,Garwin,Krug,Male,12/11/1960,Seminole,majeur
v214,Carla,Fearfull,Female,10/09/1959,Sioux,majeur
v215,Ilene,Sharma,Female,27/12/1953,Pakistani,majeur
v216,Bette-ann,Elnor,Female,11/09/2001,Asian,majeur
v217,Bethany,Cinelli,Female,15/04/1952,Cuban,majeur
v218,Keane,Krug,Male,11/04/1995,Spaniard,majeur
v219,Herta,Fearfull,Female,16/04/1995,Ottawa,majeur
v220,Malory,Cinelli,Female,02/01/2014,Indonesian,mineur
v221,Derby,Bachelar,Male,29/11/1998,Tohono O'Odham,majeur
v222,Brook,Moulsdale,Male,02/10/2010,Micronesian,mineur
v223,Orv,Krug,Male,16/09/1989,Cheyenne,majeur
v224,Agustin,Krug,Male,31/07/1954,Ecuadorian,majeur
v225,Rachele,Matias,Female,08/09/2013,Choctaw,mineur
v226,Andras,Goman,Male,26/03/1953,Guamanian,majeur
v227,Jon,Brugden,Male,08/03/1977,Pima,majeur
v228,Jesselyn,Tollmache,Female,14/10/1974,Yaqui,majeur
v229,Lyn,Habgood,Female,27/07/2015,Creek,mineur
v230,Dylan,Machon,Male,18/02/1967,Tlingit-Haida,majeur
v231,Marion,Bachelar,Female,24/05/1988,Crow,majeur
v232,Devan,Adrian,Female,01/11/2009,Navajo,mineur
v233,Aron,Krug,Male,17/12/1976,Native Hawaiian and Other Pacific Islander (NHPI),majeur
v234,Maryjane,Stiell,Female,01/04/2007,Navajo,mineur
v235,Axel,Elnor,Male,03/05/1958,Lumbee,majeur
v236,Roy,Caroline,Male,09/09/1991,Melanesian,majeur
v237,Aigneis,Brugden,Female,16/02/1961,Pima,majeur
v238,Channa,Petrusch,Female,23/08/1993,South American,majeur
v239,Kaycee,Cinelli,Female,06/09/2009,Uruguayan,mineur
v240,Timotheus,Habgood,Male,23/04/1989,Tongan,majeur
v241,Ruperta,Revans,Female,21/07/1985,Cheyenne,majeur
v242,Griffy,Elnor,Male,06/06/1951,Yuman,majeur
v243,Sherri,Vanni,Female,28/05/2004,Paiute,mineur
v244,Alidia,Moulsdale,Female,31/05/1972,Sri Lankan,majeur
v245,Claybourne,Gislebert,Male,10/02/1977,Panamanian,majeur
v246,Winthrop,Sanbrooke,Male,13/05/2001,Ottawa,majeur
v247,Dennet,Mealham,Male,12/08/2010,Aleut,mineur
v248,Dulcine,Krug,Female,23/08/1998,Samoan,majeur
v249,Drew,Stiell,Male,26/04/1955,American Indian and Alaska Native (AIAN),majeur
v250,Griz,Mealham,Male,20/02/2015,Native Hawaiian and Other Pacific Islander (NHPI),mineur
v251,Brandy,Dormand,Female,25/09/1983,Pima,majeur
v252,Porter,Caroline,Male,15/05/1991,Melanesian,majeur
v253,Alard,Moulsdale,Male,12/03/2014,Chilean,mineur
v254,Rolland,Habgood,Male,19/10/2001,Spaniard,majeur
v255,Ode,Beatson,Male,04/06/1981,Yuman,majeur
v256,Sallie,Brugden,Female,22/08/1987,Pima,majeur
v257,Ax,Moulsdale,Male,17/04/1997,Chinese,majeur
v258,Silvanus,Krug,Male,05/11/1983,Comanche,majeur
v259,Yetty,Abade,Female,04/05/1975,American Indian,majeur
v260,Heall,Bachelar,Male,22/09/1985,Tohono O'Odham,majeur
v261,Elisabet,Skocroft,Female,02/10/1998,Guatemalan,majeur
v262,Ilise,de Mendoza,Female,03/10/1965,Thai,majeur
v263,Merla,Sanbrooke,Female,02/07/1997,Peruvian,majeur
v264,Carlie,Krug,Female,24/12/1990,Spaniard,majeur
v265,Berni,Adrian,Female,25/01/1967,Navajo,majeur
v266,Ivonne,Caroline,Female,12/09/2005,Melanesian,mineur
v267,Clayson,Mealham,Male,10/12/1957,Filipino,majeur
v268,Dorothea,Krug,Female,12/09/1979,Creek,majeur
v269,Miner,Sanbrooke,Male,15/08/1999,Fijian,majeur
v270,Myrwyn,Stiell,Male,02/09/2009,Eskimo,mineur
v271,Milly,Heinreich,Female,22/11/1958,Guamanian,majeur
v272,Paulina,Moulsdale,Female,05/08/1983,Chinese,majeur
v273,Bank,Goodie,Male,25/09/1981,South American,majeur
v274,Kincaid,Stiell,Male,28/06/1996,Seminole,majeur
v275,Brig,Cinelli,Male,26/12/2002,Paiute,majeur
v276,Chandra,Benoist,Female,09/07/2015,Alaskan Athabascan,mineur
v277,Gris,Matias,Male,22/11/1960,Melanesian,majeur
v278,Ruby,Vanni,Male,29/12/1950,Laotian,majeur
v279,Niko,Habgood,Male,30/08/1958,Taiwanese,majeur
v280,Jude,Heinreich,Male,08/08/1956,Kiowa,majeur
v281,Gifford,Elnor,Male,27/06/1973,Bangladeshi,majeur
v282,Florina,Kopta,Female,19/03/1985,Cherokee,majeur
v283,Petronia,Brugden,Female,24/07/1995,Pima,majeur
v284,Carlye,Heinreich,Female,14/09/1974,Korean,majeur
v285,Bran,Sanbrooke,Male,17/08/1955,Bangladeshi,majeur
v286,Maudie,Moulsdale,Female,09/11/1988,Native Hawaiian,majeur
v287,Carolynn,Cinelli,Female,03/09/1975,Spaniard,majeur
v288,Ozzy,Bachelar,Male,17/02/2001,Kiowa,majeur
v289,Colline,Machon,Female,25/12/1991,Puerto Rican,majeur
v290,Leonhard,Allport,Male,04/03/1952,Chippewa,majeur
v291,Justen,Stiell,Male,05/04/2009,South American,mineur
v292,Vite,Machon,Male,02/08/1961,Malaysian,majeur
v293,Horace,Revans,Male,15/03/1990,Paraguayan,majeur
v294,Elfrida,Goodie,Female,05/06/1971,Guatemalan,majeur
v295,Carey,Fearfull,Male,30/03/1956,Potawatomi,majeur
v296,Mikael,Stennes,Male,04/02/1987,Shoshone,majeur
v297,Hewe,De Biasio,Male,24/11/2004,Chippewa,mineur
v298,Bartlett,Machon,Male,31/08/1981,Colville,majeur
v299,Guntar,Heinreich,Male,27/10/1966,Chilean,majeur
v300,Rodi,Habgood,Female,16/02/1963,Apache,majeur
v301,Glynnis,Fearfull,Female,22/10/2002,Dominican (Dominican Republic),majeur
v302,Arda,Habgood,Female,12/09/1994,Lumbee,majeur
v303,Eveline,Mealham,Female,31/08/1986,Chinese,majeur
v304,Teodor,Moulsdale,Male,25/05/1992,Comanche,majeur
v305,Harald,Revans,Male,01/08/1966,American Indian and Alaska Native (AIAN),majeur
v306,Caro,Salaman,Female,14/03/2014,Venezuelan,mineur
v307,Cordell,Krug,Male,11/09/1975,American Indian,majeur
v308,Sebastien,Krug,Male,26/01/2003,Colombian,mineur
v309,Tatiania,Matias,Female,07/01/1958,Iroquois,majeur
v310,Zaccaria,Machon,Male,19/12/2013,Sioux,mineur
v311,Kile,Dedney,Male,28/06/1985,Central American,majeur
v312,Karel,Caroline,Male,19/08/1960,Pima,majeur
v313,Roddie,Tollmache,Male,01/12/1979,Crow,majeur
v314,Junette,Revans,Female,03/05/2015,Chilean,mineur
v315,Riki,Petrusch,Female,24/05/2009,Melanesian,mineur
v316,Abbye,Moulsdale,Female,29/09/2002,Blackfeet,majeur
v317,Alethea,Sanbrooke,Female,16/03/1964,Delaware,majeur
v318,Dorothea,Dormand,Female,01/12/1964,Salvadoran,majeur
v319,Shoshana,Cinelli,Female,28/05/1996,Asian Indian,majeur
v320,Verile,Bachelar,Female,16/12/1988,American Indian,majeur
v321,Gusta,Mealham,Female,17/04/1954,Blackfeet,majeur
v322,Roxana,Skocroft,Female,30/11/1988,Pakistani,majeur
v323,Lorens,Cinelli,Male,10/03/2001,Laotian,majeur
v324,Kylila,Habgood,Female,04/11/1974,Creek,majeur
v325,Tine,Petrusch,Female,15/09/1958,Pima,majeur
v326,Langston,Goodie,Male,16/06/1966,Chilean,majeur
v327,Allistir,Boshier,Male,02/04/1982,Cuban,majeur
v328,Ronalda,Elnor,Female,11/10/1981,Native Hawaiian and Other Pacific Islander (NHPI),majeur
v329,Hollie,Revans,Female,03/07/1997,Colville,majeur
v330,Gerianna,Matias,Female,04/06/2015,Samoan,mineur
v331,Rosana,Sharma,Female,23/09/2003,Cree,mineur
v332,Staford,Habgood,Male,07/07/2013,Menominee,mineur
v333,Alfredo,Bitcheno,Male,17/07/1974,Argentinian,majeur
v334,Elmira,Bitcheno,Female,26/08/1957,Pueblo,majeur
v335,Judon,Dedney,Male,06/03/2013,Kiowa,mineur
v336,Jaquenetta,Tollmache,Female,27/10/1976,Indonesian,majeur
v337,Wyatt,Ambrozik,Male,01/05/2005,Aleut,mineur
v338,Lock,Bitcheno,Male,26/03/2007,White,mineur
v339,Friedrich,Habgood,Male,29/07/1991,Latin American Indian,majeur
v340,Emlen,Ambrozik,Male,15/04/1975,Aleut,majeur
v341,Carson,Dormand,Male,05/11/1991,Blackfeet,majeur
v342,Byrann,Goodie,Male,06/08/1975,Uruguayan,majeur
v343,Henrie,Dedney,Female,30/03/1976,Spaniard,majeur
v344,Joaquin,Branchett,Male,01/03/1971,Yakama,majeur
v345,Meredeth,Krug,Male,22/04/1998,Bangladeshi,majeur
v346,Ed,Petrusch,Male,29/10/1974,Black or African American,majeur
v347,Reidar,Tollmache,Male,17/01/1968,Yaqui,majeur
v348,Janean,Brugden,Female,06/12/1992,Bolivian,majeur
v349,Eleni,Cinelli,Female,09/01/1996,Nicaraguan,majeur
v350,Cyrill,Ambrozik,Male,18/03/2000,Paraguayan,majeur
v351,Ruthy,Winchcomb,Female,02/08/2004,Cheyenne,mineur
v352,Scottie,Winchcomb,Male,24/01/2012,Navajo,mineur
v353,Cosmo,Krug,Male,01/09/1957,Dominican (Dominican Republic),majeur
v354,Elora,Tollmache,Female,06/09/1975,Cheyenne,majeur
v355,Lem,Moulsdale,Male,15/10/1967,Tohono O'Odham,majeur
v356,Quinlan,Stiell,Male,13/01/1981,Pima,majeur
v357,Joachim,Goodie,Male,19/06/1962,Laotian,majeur
v358,Etan,Elnor,Male,04/07/1978,Comanche,majeur
v359,Garvy,Krug,Male,07/12/1973,Yuman,majeur
v360,Bevan,Habgood,Male,09/02/1995,Chippewa,majeur
v361,Patsy,Elnor,Female,18/07/1962,Puerto Rican,majeur
v362,Aila,Habgood,Female,17/07/1953,Bolivian,majeur
v363,Joshia,Tollmache,Male,03/03/1999,Lumbee,majeur
v364,Catriona,Kenion,Female,09/04/1992,Choctaw,majeur
v365,Zsazsa,Bachelar,Female,16/06/1973,American Indian,majeur
v366,Clarke,Petrusch,Male,01/11/2002,Yakama,majeur
v367,Lenka,Krug,Female,28/02/1986,Polynesian,majeur
v368,Angelika,Bachelar,Female,12/06/1972,Tohono O'Odham,majeur
v369,Emmott,Fearfull,Male,01/03/1977,Creek,majeur
v370,Fae,Allport,Female,09/07/2010,Chippewa,mineur
v371,Anstice,Dormand,Female,18/07/1975,Guatemalan,majeur
v372,Arlen,Krug,Male,22/04/1998,Fijian,majeur
v373,Burgess,Revans,Male,26/05/1978,Salvadoran,majeur
v374,Tommie,Stiell,Male,07/08/2006,Kiowa,mineur
v375,Abbie,Moulsdale,Male,30/08/1994,Ottawa,majeur
v376,Ruthanne,Vanni,Female,26/07/1969,Cheyenne,majeur
v377,Patin,Ambrozik,Male,29/10/1963,Aleut,majeur
v378,Aylmar,Krug,Male,24/10/1997,Venezuelan,majeur
v379,Buiron,Tollmache,Male,05/09/1984,Cheyenne,majeur
v380,Perkin,Krug,Male,24/11/2006,Asian,mineur
v381,Ellwood,Vanni,Male,20/07/1990,Native Hawaiian,majeur
v382,Sharla,Krug,Female,16/01/2010,Lumbee,mineur
v383,Giraldo,Tollmache,Male,30/07/1963,Pueblo,majeur
v384,Eyde,Moulsdale,Female,29/10/1992,Polynesian,majeur
v385,Stevana,Moulsdale,Female,07/07/1968,Cambodian,majeur
v386,Othello,Cinelli,Male,28/06/1987,Indonesian,majeur
v387,Vernon,Matias,Male,01/05/2010,Asian,mineur
v388,Gaelan,Sharma,Male,27/10/1956,White,majeur
v389,Augusta,Abade,Female,20/02/1956,American Indian,majeur
v390,Stevie,Mealham,Male,20/11/2010,Melanesian,mineur
v391,Giles,Skocroft,Male,07/03/1999,Native Hawaiian and Other Pacific Islander (NHPI),majeur
v392,Roxane,Sanbrooke,Female,01/04/2008,Chilean,mineur
v393,Yanaton,Petrusch,Male,21/03/1961,Paraguayan,majeur
v394,Thacher,Heinreich,Male,25/04/1954,Panamanian,majeur
v395,Niel,Sanbrooke,Male,18/01/1979,Filipino,majeur
v396,Elia,Adrian,Male,21/06/2015,Yuman,mineur
v397,Anita,Tincombe,Female,25/08/1955,Cherokee,majeur
v398,Cliff,Branchett,Male,14/12/1971,Polynesian,majeur
v399,Natale,Revans,Male,28/01/1969,Puget Sound Salish,majeur
v400,Adriana,Goodie,Female,26/03/2004,Kiowa,mineur
v401,Buddy,Inett,Male,19/05/2006,Yaqui,mineur
v402,Etty,Kobu,Female,10/05/2008,Crow,mineur
v403,Martica,Bachelar,Female,28/02/1955,Kiowa,majeur
v404,Rheba,Petrusch,Female,11/06/2008,White,mineur
v405,Nevin,Caroline,Male,09/12/1956,Lumbee,majeur
v406,Lillis,Benoist,Female,06/12/2001,Indonesian,majeur
v407,Curtice,Moulsdale,Male,07/06/1985,Chinese,majeur
v408,Willis,Abade,Male,01/07/1972,Costa Rican,majeur
v409,Hieronymus,Krug,Male,11/05/1993,Indonesian,majeur
v410,Teodor,Petrusch,Male,21/01/1992,Puget Sound Salish,majeur
v411,Beverley,Dormand,Female,09/10/1981,American Indian,majeur
v412,Karoly,Inett,Male,18/07/1966,Creek,majeur
v413,Nadeen,Habgood,Female,08/06/2010,Salvadoran,mineur
v414,Lonnard,Caroline,Male,12/01/2009,Argentinian,mineur
v415,Mathilda,Yeatman,Female,22/09/1987,Bolivian,majeur
v416,Leanna,Fearfull,Female,01/12/1964,Bangladeshi,majeur
v417,Harriette,Skocroft,Female,15/02/1990,Navajo,majeur
v418,Jacquelyn,Habgood,Female,30/06/2010,Ute,mineur
v419,Kerrie,Matias,Female,30/10/1963,Costa Rican,majeur
v420,Orville,Gallacher,Male,09/08/1998,Osage,majeur
v421,Guglielma,Gallacher,Female,06/10/2005,Apache,mineur
v422,Dick,Eardley,Male,05/07/1980,Argentinian,majeur
v423,Matthiew,Machon,Male,08/01/1968,Yaqui,majeur
v424,Reinaldo,Fearfull,Male,28/08/1972,Argentinian,majeur
v425,Monte,Skocroft,Male,14/10/1959,Hmong,majeur
v426,Cathyleen,Moulsdale,Female,11/07/1963,Native Hawaiian and Other Pacific Islander (NHPI),majeur
v427,Dorry,Matias,Female,12/06/1963,Seminole,majeur
v428,Hoebart,Beatson,Male,07/01/1983,Yuman,majeur
v429,Gene,Eefting,Female,15/11/1996,Asian,majeur
v430,Aurlie,Kenion,Female,20/09/1971,Fijian,majeur
v431,Tremaine,Habgood,Male,31/12/2006,Shoshone,mineur
v432,Aharon,Habgood,Male,29/06/1970,Latin American Indian,majeur
v433,Dan,Benoist,Male,05/08/1974,Alaskan Athabascan,majeur
v434,Willie,Cinelli,Female,21/10/2007,Yakama,mineur
v435,Gray,Revans,Male,27/03/1980,Comanche,majeur
v436,Brigitte,Dormand,Female,28/12/1950,Bolivian,majeur
v437,Lionello,Dedney,Male,30/12/1974,Spaniard,majeur
v438,Binni,Fearfull,Female,21/10/1982,Blackfeet,majeur
v439,Stephine,Matias,Female,01/09/1996,Colombian,majeur
v440,Allistir,Kenion,Male,29/12/2005,Alaskan Athabascan,mineur
v441,Melitta,Petrusch,Female,04/07/1985,Tohono O'Odham,majeur
v442,Emelia,Habgood,Female,04/08/1955,Asian Indian,majeur
v443,Malcolm,Moulsdale,Male,21/12/1964,Delaware,majeur
v444,Ailey,Machon,Female,08/04/1960,Osage,majeur
v445,Lavinie,Vanichev,Female,09/02/1976,Seminole,majeur
v446,Ailis,Revans,Female,11/01/1981,Samoan,majeur
v447,Uta,Cinelli,Female,12/05/1978,Indonesian,majeur
v448,Britney,Sanbrooke,Female,13/12/1976,Kiowa,majeur
v449,Bethina,Matias,Female,03/10/1954,Yakama,majeur
v450,Atlanta,Matias,Female,17/12/1991,Laotian,majeur
v451,Cord,Krug,Male,08/03/1969,Indonesian,majeur
v452,Darius,Krug,Male,28/06/1990,Pueblo,majeur
v453,Dorise,Benoist,Female,28/05/1965,Alaskan Athabascan,majeur
v454,Marion,Gallacher,Male,28/02/1966,Asian,majeur
v455,Jarvis,Krug,Male,11/04/2007,Osage,mineur
v456,Ardelis,Inett,Female,05/02/1989,Sioux,majeur
v457,Modesty,Dedney,Female,17/09/1970,Delaware,majeur
v458,Dix,Brugden,Female,04/08/2009,Pima,mineur
v459,Marge,Bitcheno,Female,23/09/1965,Melanesian,majeur
v460,Nathanial,Heinreich,Male,13/02/2003,Cherokee,mineur
v461,Jarrett,Elnor,Male,19/11/1967,Yuman,majeur
v462,Andie,Krug,Male,20/07/2013,Taiwanese,mineur
v463,Emiline,Moulsdale,Female,14/03/2005,Colville,mineur
v464,Gregorius,Revans,Male,09/08/2013,Bangladeshi,mineur
v465,Pren,Abade,Male,05/01/1951,American Indian,majeur
v466,Benny,Inett,Male,08/10/1993,Yakama,majeur
v467,Ermengarde,Krug,Female,25/02/1982,Crow,majeur
v468,Garreth,Inett,Male,18/01/2009,Apache,mineur
v469,Kass,Moulsdale,Female,23/03/1992,Delaware,majeur
v470,Cristionna,Moulsdale,Female,11/09/1956,Alaska Native,majeur
v471,Gaby,Tollmache,Male,21/12/1995,Apache,majeur
v472,Archambault,Dormand,Male,28/02/2007,South American,mineur
v473,Etheline,Goodie,Female,18/08/2015,Samoan,mineur
v474,Tab,Heinreich,Male,06/10/1961,Thai,majeur
v475,Micaela,Moulsdale,Female,19/11/1985,Filipino,majeur
v476,Fremont,Caroline,Male,02/02/1973,Pima,majeur
v477,Forest,Petrusch,Male,02/05/2015,Kiowa,mineur
v478,Callida,Brugden,Female,05/03/1992,Sri Lankan,majeur
v479,Kirsten,Cinelli,Female,03/08/1985,Navajo,majeur
v480,Tris,Abade,Male,02/09/1965,American Indian,majeur
v481,Arabel,Caroline,Female,30/05/1993,Melanesian,majeur
v482,Vanya,Winchcomb,Female,24/06/1964,Yaqui,majeur
v483,Lory,Petrusch,Female,23/09/2010,Yuman,mineur
v484,Justinn,Sanbrooke,Female,08/04/1955,Potawatomi,majeur
v485,Lily,Tollmache,Female,16/09/1983,Polynesian,majeur
v486,Fred,Vanni,Male,04/10/2012,Seminole,mineur
v487,Pen,Krug,Male,25/12/1967,Peruvian,majeur
v488,Ashlan,Bachelar,Female,21/03/1953,Tohono O'Odham,majeur
v489,Leighton,Athow,Male,03/08/1955,Taiwanese,majeur
v490,Gabriele,Eefting,Male,25/02/1974,Dominican (Dominican Republic),majeur
v491,Norene,Vanni,Female,03/01/1972,Peruvian,majeur
v492,Merrie,Sharma,Female,23/10/1985,Choctaw,majeur
v493,Glenda,Petrusch,Female,12/04/1978,Comanche,majeur
v494,Meade,Elnor,Male,05/02/2006,Sioux,mineur
v495,Yardley,Dedney,Male,02/08/2007,Puget Sound Salish,mineur
v496,Fields,Dormand,Male,06/12/2009,Salvadoran,mineur
v497,Diane-marie,Goodie,Female,06/11/1959,Yakama,majeur
v498,Annabelle,Caroline,Female,19/12/1951,Pima,majeur
v499,Gare,Inett,Male,02/07/2007,Aleut,mineur
v500,Brander,Winchcomb,Male,11/10/1978,Puget Sound Salish,majeur
v501,Dallis,Krug,Male,22/12/1999,Kiowa,majeur
v502,Laughton,Habgood,Male,20/12/1988,Cambodian,majeur
v503,Leanora,Heinreich,Female,09/07/2010,Comanche,mineur
v504,Bobinette,Stiell,Female,05/05/2005,Laotian,mineur
v505,Regan,Sanbrooke,Male,13/05/1987,Central American,majeur
v506,Gwenni,Caroline,Female,27/08/1969,Melanesian,majeur
v507,Jacinta,Mealham,Female,12/08/1977,Native Hawaiian and Other Pacific Islander (NHPI),majeur
v508,Penny,Habgood,Male,13/09/2015,Crow,mineur
v509,Stacy,Revans,Male,07/09/1997,Chickasaw,majeur
v510,Rebekkah,Abade,Female,19/10/2006,American Indian,mineur
v511,Alanna,Dedney,Female,13/04/1973,Yaqui,majeur
v512,Adella,De Zuani,Female,24/08/1980,Asian,majeur
v513,Inigo,Moulsdale,Male,19/04/1967,Polynesian,majeur
v514,Brianne,Cinelli,Female,08/07/1963,Indonesian,majeur
v515,Catina,Matias,Female,15/09/1958,Peruvian,majeur
v516,Killie,Kenion,Male,30/10/1966,Lumbee,majeur
v517,Alfreda,Brugden,Female,17/01/2003,Pima,mineur
v518,Nolly,Elnor,Male,08/07/1963,South American,majeur
v519,Onfroi,Moulsdale,Male,29/06/2003,Yakama,mineur
v520,Olvan,Petrusch,Male,01/01/1991,Colombian,majeur
v521,Field,Revans,Male,24/11/1980,Filipino,majeur
v522,Mord,Ambrozik,Male,05/03/2012,Paraguayan,mineur
v523,Mair,Brugden,Female,13/08/2015,Delaware,mineur
v524,Michael,Skirrow,Male,03/11/1953,Chinese,majeur
v525,Rancell,Caroline,Male,27/12/1991,Pima,majeur
v526,Adelina,Petrusch,Female,14/09/2003,Eskimo,mineur
v527,Marcos,Benoist,Male,30/08/1985,Alaskan Athabascan,majeur
v528,Noach,Eefting,Male,19/11/1958,Samoan,majeur
v529,Rodger,Stiell,Male,29/06/1956,Yuman,majeur
v530,Adelice,Krug,Female,13/10/1951,South American,majeur
v531,Costa,Petrusch,Male,17/06/1963,Navajo,majeur
v532,Grata,Revans,Female,15/08/1968,Chickasaw,majeur
v533,Donella,Tollmache,Female,10/04/1992,Polynesian,majeur
v534,Herve,Gallacher,Male,04/05/1995,Melanesian,majeur
v535,Nikki,Branchett,Male,05/02/1987,Native Hawaiian,majeur
v536,Peyton,Reucastle,Male,03/08/1992,Asian Indian,majeur
v537,Susette,Brugden,Female,31/01/1978,Pima,majeur
v538,Joelie,Cinelli,Female,28/07/2012,Vietnamese,mineur
v539,Brigitta,Kenion,Female,03/12/1962,Thai,majeur
v540,Rina,Revans,Female,13/09/1978,Taiwanese,majeur
v541,Mylo,Revans,Male,10/02/1963,Alaska Native,majeur
v542,Cindi,Machon,Female,05/11/1975,Puget Sound Salish,majeur
v543,Georgena,Krug,Female,12/09/1980,Native Hawaiian,majeur
v544,Ingemar,Mealham,Male,22/12/1975,Ecuadorian,majeur
v545,Caroline,Gallacher,Female,30/10/1957,Pueblo,majeur
v546,Immanuel,Moulsdale,Male,24/11/1960,Japanese,majeur
v547,Willdon,Stiell,Male,23/04/1960,Iroquois,majeur
v548,Mitch,Krug,Male,11/06/1976,Delaware,majeur
v549,Moses,Cinelli,Male,19/05/1979,Menominee,majeur
v550,Cate,Inett,Female,07/04/2005,Uruguayan,mineur
v551,Brett,Winchcomb,Female,06/10/1999,Salvadoran,majeur
v552,Spike,Krug,Male,30/07/1968,Costa Rican,majeur
v553,Beale,Fearfull,Male,21/01/2009,Thai,mineur
v554,Casar,Matias,Male,24/01/1972,Blackfeet,majeur
v555,Silvia,Vanni,Female,01/08/1986,Chippewa,majeur
v556,Hersh,Mealham,Male,14/05/1999,Kiowa,majeur
v557,Austin,Inett,Male,28/01/1979,Mexican,majeur
v558,Shannan,Matias,Male,09/09/1956,Bangladeshi,majeur
v559,Debora,Vanni,Female,08/08/1983,Iroquois,majeur
v560,Cecile,Stiell,Female,05/01/1982,Korean,majeur
v561,Kaleena,Heinreich,Female,13/04/1976,American Indian,majeur
v562,Tobe,Petrusch,Female,03/04/1983,Native Hawaiian,majeur
v563,Ernesta,Bachelar,Female,30/08/1968,Tohono O'Odham,majeur
v564,Nessy,Bachelar,Female,26/03/1965,Crow,majeur
v565,Ethelred,Vanni,Male,08/01/2007,Nicaraguan,mineur
v566,Sheree,Mealham,Female,23/09/1995,Kiowa,majeur
v567,Jenda,Mealham,Female,10/01/1970,Central American,majeur
v568,Briana,Bachelar,Female,09/10/1991,Kiowa,majeur
v569,Brodie,Benoist,Male,07/09/1997,Fijian,majeur
v570,Gratia,Matias,Female,26/09/1985,Native Hawaiian and Other Pacific Islander (NHPI),majeur
v571,Lou,Cinelli,Male,06/10/2010,Colville,mineur
v572,Glyn,Heinreich,Male,02/12/1976,Argentinian,majeur
v573,Eran,Tollmache,Female,20/10/1987,Black or African American,majeur
v574,Raddie,Machon,Male,26/06/1962,Venezuelan,majeur
v575,Theodor,Krug,Male,02/01/1989,Filipino,majeur
v576,Merry,Vanni,Female,18/04/1987,Cambodian,majeur
v577,Davita,Fearfull,Female,28/11/1985,Chippewa,majeur
v578,Wallas,Sanbrooke,Male,10/02/1974,Houma,majeur
v579,Rorie,Fearfull,Female,04/07/1995,Alaska Native,majeur
v580,Corrie,Skocroft,Male,11/09/1951,Bolivian,majeur
v581,Nolan,Dormand,Male,21/06/1977,Yakama,majeur
v582,Magda,Caroline,Female,24/10/2006,Pima,mineur
v583,Damita,Mealham,Female,17/05/2014,Navajo,mineur
v584,Jamil,Heinreich,Male,21/09/1968,Crow,majeur
v585,Kristin,Inett,Female,21/12/2011,Cree,mineur
v586,Eartha,Eefting,Female,15/10/1959,Yuman,majeur
v587,Eddy,Skocroft,Female,04/04/1966,Central American,majeur
v588,Sutherlan,Machon,Male,05/11/1956,Shoshone,majeur
v589,Roselia,Fearfull,Female,09/11/2005,Micronesian,mineur
v590,Carmelle,Habgood,Female,01/09/1960,Uruguayan,majeur
v591,Arvie,Moulsdale,Male,27/03/1958,Aleut,majeur
v592,Gabriel,Vanni,Female,05/10/1956,White,majeur
v593,Gaspar,Krug,Male,15/10/1967,Tlingit-Haida,majeur
v594,Wilhelm,Bitcheno,Male,15/11/1976,Melanesian,majeur
v595,Saundra,Heinreich,Male,28/09/2008,Costa Rican,mineur
v596,Sigmund,Heinreich,Male,03/03/1967,Cuban,majeur
v597,Ara,Mealham,Male,29/12/1954,Chippewa,majeur
v598,Gardie,Revans,Male,25/04/1968,Dominican (Dominican Republic),majeur
v599,Agathe,Caroline,Female,28/01/2004,Blackfeet,mineur
v600,Garrett,Krug,Male,24/12/1992,Bolivian,majeur
v601,Benedikta,Petrusch,Female,28/12/1993,Puget Sound Salish,majeur
v602,Grazia,Goodie,Female,07/06/1972,Cree,majeur
v603,Aurie,Heinreich,Female,26/03/1965,Puget Sound Salish,majeur
v604,Wandis,Gallacher,Female,11/07/1986,Taiwanese,majeur
v605,Russell,Fearfull,Male,08/07/2003,Japanese,mineur
v606,Drusilla,Winchcomb,Female,03/10/1964,Micronesian,majeur
v607,Enrichetta,Caroline,Female,09/03/2000,Ecuadorian,majeur
v608,Cosmo,Cinelli,Male,15/10/2006,South American,mineur
v609,Noak,Goodie,Male,27/05/1986,Kiowa,majeur
v610,Amandi,Skocroft,Female,23/11/1991,Cambodian,majeur
v611,Kippie,Moulsdale,Male,11/10/1990,Black or African American,majeur
v612,Penny,Beatson,Male,02/09/2012,Yuman,mineur
v613,Cassie,Ambrozik,Male,09/08/1966,Paraguayan,majeur
v614,Norah,Bachelar,Female,16/02/1980,Kiowa,majeur
v615,Tull,Cinelli,Male,18/01/1953,Native Hawaiian and Other Pacific Islander (NHPI),majeur
v616,Giorgia,Inett,Female,06/10/1957,Chamorro,majeur
v617,Harlie,Dedney,Female,05/05/2000,Indonesian,majeur
v618,Putnam,Heinreich,Male,17/03/1981,Panamanian,majeur
v619,Drake,Bachelar,Male,06/01/1993,Crow,majeur
v620,Colet,Goodie,Male,22/03/1993,Samoan,majeur
v621,Toddy,Ambrozik,Male,31/12/1967,Paraguayan,majeur
v622,Lucais,Dormand,Male,29/06/1993,Chilean,majeur
v623,Lorenzo,Caroline,Male,01/08/2015,Melanesian,mineur
v624,Reinaldos,Petrusch,Male,21/03/2000,Alaskan Athabascan,majeur
v625,Georgina,Goady,Female,23/11/1966,Fijian,majeur
v626,Marya,Benoist,Female,03/08/2015,Alaskan Athabascan,mineur
v627,Mohandas,Bitcheno,Male,16/08/1970,Melanesian,majeur
v628,Jany,Sanbrooke,Female,03/11/1997,Choctaw,majeur
v629,Nadia,Athow,Female,12/04/1967,Taiwanese,majeur
v630,Ermin,Bachelar,Male,11/02/1993,Kiowa,majeur
v631,Alane,Moulsdale,Female,15/11/1964,Puget Sound Salish,majeur
v632,Thomasina,Machon,Female,28/04/2012,Black or African American,mineur
v633,Kearney,Cinelli,Male,30/09/1974,Laotian,majeur
v634,Helen,Dormand,Female,06/04/1966,South American,majeur
v635,Farris,Bitcheno,Male,10/08/1989,Argentinian,majeur
v636,Kai,Kenion,Female,20/04/1975,Central American,majeur
v637,Idaline,Inett,Female,12/08/1971,Micronesian,majeur
v638,Remington,Cinelli,Male,20/02/1982,Laotian,majeur
v639,Pincas,Inett,Male,01/05/2015,Thai,mineur
v640,Clementina,Tollmache,Female,31/12/2003,Alaska Native,mineur
v641,Demetrius,Inett,Male,10/09/1987,Bangladeshi,majeur
v642,Karolina,Kroger,Female,11/09/1961,Cherokee,majeur
v643,Alissa,Revans,Female,08/09/1981,Costa Rican,majeur
v644,Ellswerth,Vanni,Male,17/01/2013,Delaware,mineur
v645,Dulci,Gallacher,Female,19/03/1999,Korean,majeur
v646,Pietrek,Petrusch,Male,14/10/2014,Sri Lankan,mineur
v647,Christos,Brugden,Male,30/01/1952,Choctaw,majeur
v648,Gelya,Kenion,Female,23/11/1966,Tlingit-Haida,majeur
v649,Tremain,Bachelar,Male,27/12/2004,American Indian,mineur
v650,Gerhardt,Fearfull,Male,25/03/1951,Sioux,majeur
v651,Adams,Cinelli,Male,13/08/1962,Indonesian,majeur
v652,Shalne,Petrusch,Female,25/11/1958,Yaqui,majeur
v653,Bruis,Girone,Male,10/01/1989,Ute,majeur
v654,Jordanna,Sharma,Female,09/09/1965,South American,majeur
v655,Darb,Branchett,Male,26/05/2002,Korean,majeur
v656,Jackson,Bitcheno,Male,19/04/2000,Melanesian,majeur
v657,Elisabetta,Petrusch,Female,19/04/1971,Cree,majeur
v658,Lynsey,Gallacher,Female,01/10/2012,Japanese,mineur
v659,Lewiss,Abade,Male,17/12/1995,American Indian,majeur
v660,Vachel,Cinelli,Male,06/02/2006,Honduran,mineur
v661,Xerxes,Skocroft,Male,05/10/1998,Fijian,majeur
v662,Anselma,Vanni,Female,23/05/1976,Uruguayan,majeur
v663,Lilas,Knottley,Female,02/04/1957,Crow,majeur
v664,Birch,Petrusch,Male,30/03/1999,Shoshone,majeur
v665,Charlotta,Bitcheno,Female,10/08/1951,Argentinian,majeur
v666,Berkie,Moulsdale,Male,12/05/1999,Cuban,majeur
v667,Flss,Moulsdale,Female,11/05/1986,Alaskan Athabascan,majeur
v668,Robinette,Stiell,Female,03/12/1998,Colombian,majeur
v669,Gaylord,Goodie,Male,07/02/1962,Alaskan Athabascan,majeur
v670,Carry,Bachelar,Female,12/10/2013,Crow,mineur
v671,Rory,Beatson,Male,03/09/1959,Yuman,majeur
v672,Malachi,Dormand,Male,10/05/1963,Samoan,majeur
v673,Dinny,Brugden,Female,05/03/1965,Nicaraguan,majeur
v674,Selestina,Skocroft,Female,14/01/1960,Iroquois,majeur
v675,Arielle,Mealham,Female,13/07/1980,Iroquois,majeur
v676,Carlita,Habgood,Female,28/11/1965,Vietnamese,majeur
v677,Carolee,Dormand,Female,15/07/2004,Latin American Indian,mineur
v678,Renaud,Cinelli,Male,15/08/2015,Nicaraguan,mineur
v679,Osbourn,Sharma,Male,28/04/1986,Micronesian,majeur
v680,Jordan,Stiell,Female,15/09/1995,Honduran,majeur
v681,Zacharias,Brugden,Male,21/02/2000,Chilean,majeur
v682,Ernesta,Tollmache,Female,13/05/1967,Costa Rican,majeur
v683,Tarrah,Moulsdale,Female,12/04/1967,Nicaraguan,majeur
v684,Bette,Revans,Female,08/05/1980,American Indian,majeur
v685,Annabela,Dedney,Female,03/04/2004,Iroquois,mineur
v686,Nanine,Elnor,Female,24/10/1965,Choctaw,majeur
v687,Flint,Machon,Male,19/04/1971,Salvadoran,majeur
v688,Kristoforo,Dormand,Male,29/10/2012,Puerto Rican,mineur
v689,Cinderella,Boshier,Female,10/02/1983,Cuban,majeur
v690,Brigit,Krug,Female,19/03/1962,Pueblo,majeur
v691,Kile,Vanni,Male,17/04/1990,Comanche,majeur
v692,Biddy,Yeatman,Female,16/07/2002,Alaska Native,majeur
v693,Jeffie,Krug,Male,15/04/1981,Paiute,majeur
v694,Maggy,Moulsdale,Female,14/07/1974,Chamorro,majeur
v695,Florette,Matias,Female,29/10/2001,Colville,majeur
v696,Far,Gallacher,Male,10/01/1965,Argentinian,majeur
v697,Coletta,Krug,Female,26/07/2002,Blackfeet,majeur
v698,Jackie,Skocroft,Female,11/05/1977,Asian,majeur
v699,Bethina,Gallacher,Female,14/12/1992,Creek,majeur
v700,Ryon,Tollmache,Male,11/04/2003,Alaska Native,mineur
v701,Evangeline,Caroline,Female,13/10/1990,Melanesian,majeur
v702,Adolphe,Sanbrooke,Male,12/12/2002,Ecuadorian,majeur
v703,Townsend,Caroline,Male,29/06/1998,Pima,majeur
v704,Barty,Petrusch,Male,21/01/2011,Delaware,mineur
v705,Tomaso,Cinelli,Male,27/03/1958,Potawatomi,majeur
v706,Carlos,McWhin,Male,15/12/1992,Aleut,majeur
v707,Selby,Matias,Male,25/03/1975,Navajo,majeur
v708,Christel,Boshier,Female,15/12/1968,Delaware,majeur
v709,Sharai,Brugden,Female,06/12/2007,Puerto Rican,mineur
v710,Rawley,Caroline,Male,10/06/1986,Melanesian,majeur
v711,Lari,Sharma,Female,05/10/1962,Tongan,majeur
v712,Barbabas,Sanbrooke,Male,28/01/1991,Costa Rican,majeur
v713,Danika,Petrusch,Female,25/04/1982,Aleut,majeur
v714,Aprilette,Moulsdale,Female,22/06/1978,Polynesian,majeur
v715,Chrisse,Caroline,Male,24/12/1998,Pima,majeur
v716,Reinaldos,Meagher,Male,06/10/1956,Dominican (Dominican Republic),majeur
v717,Marcela,Heinreich,Female,23/09/2007,Ute,mineur
v718,Davina,Ambrozik,Female,29/04/1978,Paraguayan,majeur
v719,Reggie,Stiell,Female,05/02/1978,Colombian,majeur
v720,Berne,Petrusch,Male,02/05/1959,Pima,majeur
v721,Ellwood,Petrusch,Male,17/06/1996,Ute,majeur
v722,Rena,Fearfull,Female,19/03/1986,White,majeur
v723,Gasparo,Krug,Male,30/06/1992,Ute,majeur
v724,Ferne,Dormand,Female,07/05/1964,Kiowa,majeur
v725,Emmalee,Brugden,Female,30/05/1992,Creek,majeur
v726,Elmo,Tollmache,Male,15/11/1972,Puerto Rican,majeur
v727,Star,Krug,Female,17/06/2008,Dominican (Dominican Republic),mineur
v728,Imogene,Inett,Female,03/01/2006,Cheyenne,mineur
v729,Geneva,Dedney,Female,18/06/1982,Spaniard,majeur
v730,Con,Moulsdale,Female,20/06/1973,Puerto Rican,majeur
v731,Nichole,Ambrozik,Male,13/12/1975,Paraguayan,majeur
v732,Fonz,Moulsdale,Male,24/07/2009,Costa Rican,mineur
v733,Garald,Bitcheno,Male,22/07/1998,Argentinian,majeur
v734,Salvatore,Krug,Male,09/04/1959,Chickasaw,majeur
v735,Trenna,Habgood,Female,05/07/1968,Puget Sound Salish,majeur
v736,Crichton,Caroline,Male,21/02/1972,Melanesian,majeur
v737,Verena,Dormand,Female,14/01/1969,Central American,majeur
v738,Libbey,Kenion,Female,15/01/2010,Shoshone,mineur
v739,Alisa,Winchcomb,Female,30/11/1991,Iroquois,majeur
v740,Liza,Gallacher,Female,25/07/1969,Paiute,majeur
v741,Marcellina,Goodie,Female,08/06/1958,Cambodian,majeur
v742,Carissa,Goodie,Female,15/02/2003,Nicaraguan,mineur
v743,Raddy,Krug,Male,02/07/2000,Venezuelan,majeur
v744,Laird,Petrusch,Male,17/06/2012,Chickasaw,mineur
v745,Gui,Heinreich,Female,07/05/1982,Hmong,majeur
v746,Brina,Athow,Female,03/01/1977,Taiwanese,majeur
v747,Patrizio,Stiell,Male,25/12/1999,Indonesian,majeur
v748,Consuela,Petrusch,Female,09/09/1987,Filipino,majeur
v749,Von,Heinreich,Male,20/06/2008,American Indian and Alaska Native (AIAN),mineur
v750,Luelle,Godlee,Female,31/07/1962,Sioux,majeur
v751,Elvis,Krug,Male,16/06/1964,Korean,majeur
v752,Cassie,Beatson,Female,20/10/2012,Yuman,mineur
v753,Gerrard,Caroline,Male,19/12/2004,Cuban,mineur
v754,Boyd,Moulsdale,Male,20/11/1982,Venezuelan,majeur
v755,Hussein,Bachelar,Male,17/04/1994,Crow,majeur
v756,Cece,Glascott,Male,29/10/1993,Chamorro,majeur
v757,Rosalynd,Caroline,Female,14/06/2015,Melanesian,mineur
v758,Caye,Branchett,Female,13/09/1988,Delaware,majeur
v759,Fernanda,Benoist,Female,08/05/1972,Alaskan Athabascan,majeur
v760,Fawn,Moulsdale,Female,31/10/1977,Tlingit-Haida,majeur
v761,Shea,Branchett,Female,21/02/2007,Pueblo,mineur
v762,Chantal,Elnor,Female,22/01/1977,Yakama,majeur
v763,Ermanno,Sambedge,Male,08/04/1976,Laotian,majeur
v764,Zachariah,Kenion,Male,27/06/1971,Potawatomi,majeur
v765,Austina,Moulsdale,Female,12/06/1986,Iroquois,majeur
v766,Lovell,Peres,Male,27/10/1992,Chippewa,majeur
v767,Danella,Vanni,Female,18/01/2015,Chickasaw,mineur
v768,Riccardo,Sanbrooke,Male,16/04/2014,Samoan,mineur
v769,Hermione,Boshier,Female,10/09/1954,Salvadoran,majeur
v770,Nanny,Kenion,Female,08/06/1972,Alaskan Athabascan,majeur
v771,Claudell,Cinelli,Male,14/09/1958,Sri Lankan,majeur
v772,Zelma,Adrian,Female,04/02/1997,Asian Indian,majeur
v773,Nada,Stiell,Female,12/08/1977,Nicaraguan,majeur
v774,Emory,Moulsdale,Male,02/08/1956,Delaware,majeur
v775,Nolly,Vanni,Male,08/10/1951,Puerto Rican,majeur
v776,Elmo,Krug,Male,07/03/1976,Chickasaw,majeur
v777,Amory,Dedney,Male,10/07/1997,Spaniard,majeur
v778,Cinnamon,Boshier,Female,23/10/1970,Hmong,majeur
v779,Dotti,Elnor,Female,24/11/1983,Puerto Rican,majeur
v780,Em,Revans,Male,25/11/1984,Houma,majeur
v781,Ronnie,Kenion,Male,24/09/2005,Native Hawaiian and Other Pacific Islander (NHPI),mineur
v782,Lemuel,Elnor,Male,07/07/1966,Uruguayan,majeur
v783,Martynne,Stiell,Female,02/01/1997,Puget Sound Salish,majeur
v784,Bald,Krug,Male,14/06/1968,Peruvian,majeur
v785,Clarinda,Cinelli,Female,20/09/1985,Laotian,majeur
v786,Cathie,Vanni,Female,14/10/1972,Honduran,majeur
v787,Hector,Sanbrooke,Male,16/02/1964,Alaska Native,majeur
v788,Damaris,Matias,Female,15/05/1972,Shoshone,majeur
v789,Perry,Dedney,Male,22/05/2001,Spaniard,majeur
v790,Domenico,Vanni,Male,21/12/1998,Panamanian,majeur
v791,Blaine,Bachelar,Male,01/08/1967,American Indian,majeur
v792,Yanaton,Beatson,Male,20/05/1984,Yuman,majeur
v793,Cole,Krug,Male,24/10/2012,Potawatomi,mineur
v794,Heall,Gallacher,Male,24/10/2002,Bangladeshi,majeur
v795,Carlotta,Dedney,Female,05/02/2000,Spaniard,majeur
v796,Mal,Skocroft,Male,06/01/1984,Shoshone,majeur
v797,Ethelda,Stiell,Female,02/04/2006,Menominee,mineur
v798,Kain,Boshier,Male,19/01/1972,Comanche,majeur
v799,Charmaine,Elnor,Female,25/08/1988,Fijian,majeur
v800,Nil,Winchcomb,Male,26/05/1993,Chilean,majeur
v801,Katrina,Dormand,Female,04/12/1953,Pima,majeur
v802,Vladimir,Bachelar,Male,12/07/2012,Tohono O'Odham,mineur
v803,Lyda,Dedney,Female,07/06/1988,Creek,majeur
v804,Grantham,Krug,Male,25/04/2007,Chippewa,mineur
v805,Clarine,Caroline,Female,03/03/2009,Melanesian,mineur
v806,Danny,Vanni,Male,14/02/2013,Osage,mineur
v807,Elvis,Heinreich,Male,06/05/1953,Malaysian,majeur
v808,Valida,Mealham,Female,20/04/1969,Pakistani,majeur
v809,Parker,Fearfull,Male,16/02/2012,Eskimo,mineur
v810,Gayler,Moulsdale,Male,25/07/1954,Uruguayan,majeur
v811,Goraud,Matias,Male,07/05/1997,Puerto Rican,majeur
v812,Mathe,Heinreich,Male,26/10/1957,Navajo,majeur
v813,Belle,Petrusch,Female,16/10/1989,Peruvian,majeur
v814,Perrine,Cinelli,Female,11/08/1989,Black or African American,majeur
v815,Xavier,Eefting,Male,19/04/1973,Yaqui,majeur
v816,Maxi,Machon,Female,13/04/2000,Laotian,majeur
v817,Aundrea,Bitcheno,Female,27/08/1993,Chickasaw,majeur
v818,Ferrel,Goodie,Male,27/11/1996,Creek,majeur
v819,Alfreda,Heinreich,Female,14/04/1990,Japanese,majeur
v820,Emelia,Goodie,Female,21/11/2000,Potawatomi,majeur
v821,Kean,Petrusch,Male,04/05/1984,American Indian,majeur
v822,Emory,Caroline,Male,04/01/1957,Melanesian,majeur
v823,Torrey,Moulsdale,Male,26/01/1951,Menominee,majeur
v824,Staci,Caroline,Female,22/05/1973,Uruguayan,majeur
v825,Liza,Machon,Female,17/09/1952,Cambodian,majeur
v826,Leonardo,Matias,Male,07/06/2013,Ottawa,mineur
v827,Everett,Krug,Male,21/12/1992,Puget Sound Salish,majeur
v828,Adler,Inett,Male,03/02/1974,Pakistani,majeur
v829,Maisie,Caroline,Female,29/06/2006,Melanesian,mineur
v830,Luke,Benoist,Male,15/02/1988,Alaskan Athabascan,majeur
v831,Amara,Fearfull,Female,10/05/1960,Korean,majeur
v832,Mayne,Petrusch,Male,22/10/1996,Alaska Native,majeur
v833,Haley,Matias,Female,23/10/1969,Seminole,majeur
v834,Tabbatha,Revans,Female,23/05/1959,Blackfeet,majeur
v835,Chaddy,Goodie,Male,29/08/1954,Sioux,majeur
v836,Milty,Sharma,Male,09/07/1954,Chilean,majeur
v837,Earle,Stiell,Male,13/07/1954,Taiwanese,majeur
v838,Shea,Tollmache,Female,21/08/1974,Navajo,majeur
v839,Heall,Sharma,Male,30/03/1981,White,majeur
v840,Norman,Kenion,Male,07/10/1991,Puget Sound Salish,majeur
v841,Amby,Moulsdale,Male,16/06/1999,Tongan,majeur
v842,Bourke,Dedney,Male,08/08/1980,Spaniard,majeur
v843,Aldon,Cinelli,Male,19/01/1954,Paraguayan,majeur
v844,Alis,Moulsdale,Female,01/03/2003,Osage,mineur
v845,Wren,Beatson,Female,10/02/1980,Yuman,majeur
v846,Milka,Krug,Female,07/08/1989,Pima,majeur
v847,Arie,Krug,Male,25/04/1952,Melanesian,majeur
v848,Isak,Dealtry,Male,14/06/1958,Guamanian,majeur
v849,Brodie,Mealham,Male,27/06/1956,Comanche,majeur
v850,Karla,Goodie,Female,25/08/1986,Polynesian,majeur
v851,Evered,Gomez,Male,03/01/2011,Cree,mineur
v852,Lainey,Machon,Female,10/07/1955,Peruvian,majeur
v853,Fayina,Fearfull,Female,27/03/2001,Navajo,majeur
v854,Man,Winchcomb,Male,23/07/1966,Pakistani,majeur
v855,Fifine,Stiell,Female,26/11/1984,Polynesian,majeur
v856,Mahalia,Adrian,Female,18/12/1957,Navajo,majeur
v857,Gil,Girodias,Male,23/10/1982,Honduran,majeur
v858,Scot,Revans,Male,18/03/1951,Uruguayan,majeur
v859,Dew,Skocroft,Male,17/06/1996,Tohono O'Odham,majeur
v860,Tye,Cinelli,Male,04/01/1977,Laotian,majeur
v861,Sayre,Cinelli,Female,13/09/1997,Laotian,majeur
v862,Hedvige,Fearfull,Female,04/09/1964,Seminole,majeur
v863,Laureen,Eefting,Female,25/09/1952,Tongan,majeur
v864,Sergio,Benoist,Male,24/09/2011,Alaskan Athabascan,mineur
v865,Bunni,Cinelli,Female,18/07/1993,Cuban,majeur
v866,Rasla,Stiell,Female,13/04/2010,Ottawa,mineur
v867,Christa,Machon,Female,01/09/1983,Cuban,majeur
v868,Hatty,Matias,Female,20/11/1955,Ottawa,majeur
v869,Robert,Habgood,Male,03/09/1951,Filipino,majeur
v870,Robbyn,Revans,Female,27/07/1992,Crow,majeur
v871,Toinette,Cinelli,Female,25/04/2004,Guamanian,mineur
v872,Townie,Machon,Male,15/09/1993,Peruvian,majeur
v873,Beauregard,Skittrall,Male,07/02/1992,Alaskan Athabascan,majeur
v874,Bellina,Tollmache,Female,20/02/1989,Laotian,majeur
v875,Sayers,Skocroft,Male,11/06/2006,Salvadoran,mineur
v876,Harriott,Cinelli,Female,11/11/1953,Iroquois,majeur
v877,Carena,Bachelar,Female,14/11/2001,Kiowa,majeur
v878,Archibold,Sharma,Male,25/09/1971,Dominican (Dominican Republic),majeur
v879,Sheppard,Kenion,Male,22/06/2002,Samoan,majeur
v880,Rolf,Branchett,Male,03/05/2006,Laotian,mineur
v881,Lenette,Krug,Female,20/04/1989,Black or African American,majeur
v882,Zara,Gallacher,Female,08/12/1973,Asian,majeur
v883,Gunar,Elnor,Male,15/09/1995,Guamanian,majeur
v884,Lewie,Dedney,Male,02/07/2015,Tlingit-Haida,mineur
v885,Prudence,Boshier,Female,02/05/2000,Cuban,majeur
v886,Teddie,Vanni,Male,02/12/1983,Puget Sound Salish,majeur
v887,Seumas,Tollmache,Male,30/10/2002,Colville,majeur
v888,Robinet,Krug,Male,05/10/1999,Polynesian,majeur
v889,Durand,Fearfull,Male,16/03/1967,Apache,majeur
v890,Luelle,Adrian,Female,18/03/1972,Navajo,majeur
v891,Charmian,Petrusch,Female,18/08/1992,Micronesian,majeur
v892,Consolata,Adrian,Female,21/05/1991,Cheyenne,majeur
v893,Marjy,Kenion,Female,02/04/1954,Paraguayan,majeur
v894,Lorena,Stiell,Female,24/10/1960,Chamorro,majeur
v895,Dana,Gallacher,Male,01/01/1954,Delaware,majeur
v896,Cherrita,Kenion,Female,13/11/2002,Peruvian,majeur
v897,Torey,Tollmache,Male,12/05/1959,Fijian,majeur
v898,Cameron,Tollmache,Male,02/03/1981,Melanesian,majeur
v899,Alfi,Cinelli,Female,26/10/1951,Samoan,majeur
v900,Avictor,Krug,Male,11/11/1991,Malaysian,majeur
v901,Ariadne,Gallacher,Female,14/12/1981,Iroquois,majeur
v902,Marve,Habgood,Male,10/08/1979,Peruvian,majeur
v903,Talyah,Moulsdale,Female,31/07/1955,Dominican (Dominican Republic),majeur
v904,Danya,Brugden,Female,14/12/2007,Nicaraguan,mineur
v905,Felita,Bachelar,Female,04/01/2014,American Indian,mineur
v906,Craggy,Cinelli,Male,15/06/2015,Laotian,mineur
v907,Elfrida,Sharma,Female,19/11/1964,Cuban,majeur
v908,Kristos,Tollmache,Male,08/10/2001,Argentinian,majeur
v909,Gilberto,Tollmache,Male,16/01/1956,Aleut,majeur
v910,Callie,Caroline,Female,16/02/1963,Pima,majeur
v911,Banky,Sanbrooke,Male,09/09/1956,Chamorro,majeur
v912,Georgi,Moulsdale,Male,26/11/2008,Potawatomi,mineur
v913,Enrique,Bachelar,Male,17/07/1998,American Indian,majeur
v914,Pamella,Abade,Female,25/05/2000,American Indian,majeur
v915,Chadwick,Fearfull,Male,30/11/1968,American Indian,majeur
v916,Rudyard,Dedney,Male,12/10/2015,Crow,mineur
v917,Agnese,Bitcheno,Female,15/06/1995,Melanesian,majeur
v918,Vin,Krug,Male,17/11/2015,Alaskan Athabascan,mineur
v919,Brodie,Cinelli,Male,08/04/1960,Laotian,majeur
v920,Berti,Sanbrooke,Male,30/07/1957,Dominican (Dominican Republic),majeur
v921,Kinsley,Stiell,Male,15/11/2015,American Indian,mineur
v922,Roosevelt,Petrusch,Male,29/10/1973,Costa Rican,majeur
v923,Skip,Vanni,Male,17/12/1966,Costa Rican,majeur
v924,Stanly,Stiell,Male,29/04/1982,Hmong,majeur
v925,Bobbette,Bitcheno,Female,25/03/2009,Melanesian,mineur
v926,Buffy,Cinelli,Female,29/05/1953,Indonesian,majeur
v927,Emmaline,Bitcheno,Female,04/04/1992,Argentinian,majeur
v928,Flora,Mealham,Female,16/04/1982,Shoshone,majeur
v929,Ardenia,Branchett,Female,14/09/1956,Korean,majeur
v930,Consalve,Cinelli,Male,17/03/2005,Navajo,mineur
v931,Britte,Bitcheno,Female,21/09/2015,Argentinian,mineur
v932,Bobbette,Habgood,Female,02/05/1956,Chippewa,majeur
v933,Debora,Petrusch,Female,11/02/1957,Laotian,majeur
v934,Artair,Branchett,Male,10/07/1975,Korean,majeur
v935,Sanderson,Bitcheno,Male,13/08/1983,Melanesian,majeur
v936,Philippine,Vanni,Female,03/08/1981,Spaniard,majeur
v937,Joelly,Krug,Female,15/03/1995,Lumbee,majeur
v938,Vonni,Cinelli,Female,01/08/1979,Comanche,majeur
v939,Darci,Fearfull,Female,05/05/1995,American Indian and Alaska Native (AIAN),majeur
v940,Osbourne,Heinreich,Male,17/05/2009,Chippewa,mineur
v941,Phip,Inett,Male,18/07/1976,Paraguayan,majeur
v942,Deny,Deadman,Female,18/12/1955,Cuban,majeur
v943,Margeaux,Skocroft,Female,24/11/1997,Spaniard,majeur
v944,Valentino,Bachelar,Male,15/02/2014,Crow,mineur
v945,Englebert,Brugden,Male,21/10/1972,Pima,majeur
v946,Constantino,Cinelli,Male,10/09/2004,Japanese,mineur
v947,Consalve,Mealham,Male,02/02/2007,Cherokee,mineur
v948,Fredric,Sanbrooke,Male,13/05/1973,Paraguayan,majeur
v949,Timmy,Cinelli,Female,28/02/1970,Venezuelan,majeur
v950,Ingeborg,Skocroft,Female,23/04/1965,Guamanian,majeur
v951,Cora,Bitcheno,Female,15/12/1959,Argentinian,majeur
v952,Yuri,Winchcomb,Male,09/01/1960,Laotian,majeur
v953,Ruttger,Matias,Male,04/12/1977,Sri Lankan,majeur
v954,Crichton,Eardley,Male,13/04/1959,White,majeur
v955,George,Moulsdale,Male,07/07/2002,Vietnamese,majeur
v956,Angelo,Cinelli,Male,12/10/1968,Sioux,majeur
v957,Alisander,Sanbrooke,Male,25/01/1974,Puget Sound Salish,majeur
v958,Marge,Shapira,Female,14/11/1968,Salvadoran,majeur
v959,Brock,Caroline,Male,21/05/1980,Pima,majeur
v960,Tandie,Sanbrooke,Female,24/01/1990,South American,majeur
v961,Linnie,Cinelli,Female,26/05/1995,Laotian,majeur
v962,Nariko,Krug,Female,16/12/2009,Argentinian,mineur
v963,Lorene,Moulsdale,Female,22/06/1953,Laotian,majeur
v964,Verney,Tollmache,Male,01/10/2015,Delaware,mineur
v965,Davita,Skocroft,Female,24/03/1953,Tohono O'Odham,majeur
v966,Devonna,Petrusch,Female,25/08/2006,Korean,mineur
v967,Alameda,Fearfull,Female,22/10/1977,Cuban,majeur
v968,Robinet,Petrusch,Male,18/04/1982,Chamorro,majeur
v969,Port,Habgood,Male,15/11/1955,Chamorro,majeur
v970,Salomi,Athow,Female,16/06/1964,Taiwanese,majeur
v971,Amalita,Adrian,Female,06/05/1960,Lumbee,majeur
v972,Wilmar,Yeatman,Male,31/10/1994,Eskimo,majeur
v973,Thalia,Stiell,Female,22/12/2014,Laotian,mineur
v974,Frederico,Heinreich,Male,06/10/1993,Eskimo,majeur
v975,Rhoda,Kenion,Female,08/10/1968,Apache,majeur
v976,Urbain,Beatson,Male,30/07/1960,Yuman,majeur
v977,Ernest,Mealham,Male,08/11/1972,Hmong,majeur
v978,Petey,Vanni,Male,22/09/1980,Venezuelan,majeur
v979,Jen,Inett,Female,13/08/1974,American Indian,majeur
v980,Orran,Moulsdale,Male,07/02/1995,South American,majeur
v981,Cathi,Krug,Female,01/12/1975,Costa Rican,majeur
v982,Emelia,Inett,Female,30/08/2007,Seminole,mineur
v983,Shepard,Winchcomb,Male,24/11/1995,Spaniard,majeur
v984,Laurella,Matias,Female,20/07/1994,Malaysian,majeur
v985,Haley,Krug,Female,13/06/1952,Polynesian,majeur
v986,Kelcey,Skocroft,Female,01/02/1951,Colombian,majeur
v987,Niels,Machon,Male,01/04/1979,Kiowa,majeur
v988,Terrye,Eefting,Female,03/12/2001,Asian,majeur
v989,Dyane,Stiell,Female,11/07/1978,Apache,majeur
v990,Nate,Petrusch,Male,14/09/2010,Latin American Indian,mineur
v991,Gipsy,Krug,Female,08/05/1979,Sioux,majeur
v992,Mignonne,Cinelli,Female,08/09/1989,Indonesian,majeur
v993,Valentine,Krug,Male,31/01/1988,Nicaraguan,majeur
v994,Easter,Kenion,Female,09/02/2002,Cree,majeur
v995,Jammal,Yeatman,Male,05/04/1988,Venezuelan,majeur
v996,Patrizius,Cinelli,Male,02/03/1960,Indonesian,majeur
v997,Delphinia,Sanbrooke,Female,01/02/1987,Tohono O'Odham,majeur
v998,Tommy,Caroline,Female,22/01/1988,Melanesian,majeur
v999,Agathe,Heinreich,Female,06/02/1961,Central American,majeur
v1000,Perrine,Machon,Female,29/06/1954,Puerto Rican,majeur
